congress,questionid,qtxtabb,cat,general,content,answer
110,USHARRIS.110707.R4B,Do you agree that the United States needs to set the lead when it comes to controlling greenhouse gases and pollution?,col,gen,greenhouse gas emission control,80
110,USTARR.08BATT3.R55,Do you favor building new 'wind power' generating turbines?,ren,gen,wind power,90
110,USTARR.08BATT3.R57,Do you favor easing environmental restrictions?,col,gen,relaxing environmental standards,47
110,USGREEN.08ETHANOL.R30,"Do you favor or oppose continuing to increase the use of ethanol, a renewable source of energy, in our nation's fuel supply?",bio,gen,ethanol,59
110,USTARR.08BATT3.R62,Do you favor promoting greater use of coal fired electricity?,col,gen,coal power plants,64
110,USODFOX.062108.R45,Do you favor relaxing some environmental standards?,col,gen,relaxing environmental standards,46
110,USBISC.07NEIAPR.R03,Do you favor the use of nuclear energy as one of the ways to provide electricity in the United States?,nuc,gen,nuclear power,64
110,USBISC.08NEIAP.R05,Do you favor the use of nuclear energy as one of the ways to provide electricity in the United States?,nuc,gen,nuclear power,63
110,USBISC.08NEINV.R1,Do you favor the use of nuclear energy as one of the ways to provide electricity in the United States?,nuc,gen,nuclear power,74
110,USBISC.07NEIOC.R16A,"Do you feel good about using nuclear power to provide more energy because studies have shown it's a cleaner form of energy than coal, oil or gas?",nuc,gen,nuclear power,76
110,USBISC.07NEIOC.R04,Do you personally favor the use of nuclear energy as one of the ways to provide electricity in the United States?,nuc,gen,nuclear power,64
110,USBISC.07NEIAPR.R04,Do you think that the majority of people in your community favor or oppose the use of nuclear energy?,nuc,gen,nuclear power,29
110,USBISC.07NEIAPR.R01B,How important do you think nuclear energy will be in meeting this nation's electricity needs in the years ahead?,nuc,gen,nuclear power,79
110,USBISC.07NEIOC.R02,"How important do you think nuclear energy will be in meeting this nation's electricity needs in the years ahead?  Do you think nuclear energy will be very important, somewhat important, not too important, or not important at all?",nuc,gen,nuc power,82
110,USCBSNYT.042607A.R51,"In order to help reduce global warming, would you be willing or not willing to pay more for electricity if it were generated by renewable sources like solar or wind energy?",ren,gen,renewable energy for power,75
110,USGALLUP.10MRC007TR.R01,"Overall, do you strongly favor, somewhat favor, somewhat oppose, or strongly oppose the use of nuclear energy as one of the ways to provide electricity for the US (United States)?",nuc,gen,nuclear power,53
110,USPC.08ENGY.R5,Please tell me which one you agree with more.  Smith believes the US should increase its use of coal.  Jones believes the US should not increase its use of coal.,col,gen,coal power plants,64
110,USPSRNEW.080307.R16D,"What about this...lowering the amount of greenhouse gases that power plants are allowed to release into the air?  Should the government require this by law, encourage this through tax breaks, or stay out of this entirely?",col,gen,greenhouse gas emission regulation,57
110,USCBSNYT.042607A.R42,"What do you think--is using coal to generate electricity mostly  a good idea, or mostly a bad idea?",col,gen,coal power plants,43
110,USCBSNYT.042607A.R46,What do you think--is using ethanol mostly a good idea or mostly a bad idea?,bio,gen,ethanol,70
110,USCBSNYT.042607A.R43,What do you think--is using natural gas to generate electricity mostly a good idea or mostly a bad idea?,oil,gen,natural gas for power,51
110,USCBSNYT.042607A.R44,What do you think--is using nuclear power to generate electricity mostly a good idea or mostly a bad idea?,nuc,gen,nuclear power,36
110,USCBSNYT.042607A.R45,What do you think--is using renewable energy sources to generate electricity mostly a good idea or mostly a bad idea?,ren,gen,renewable energy for power,87
110,USORC.2007010.Q25,Which of these positions do you agree with most?...The United States should reduce emissions of carbon dioxide and other gases that may contribute to global warming even if it does so by itself.  The United States should reduce emissions of car,col,gen,greenhouse gas emission control,66
110,USGALLUP.08JUL025.R30A,Would you be more likely to vote for a candidate who supported easing restrictions on offshore domestic drilling?,oil,gen,oil drilling,31
110,USGREEN.08ETHANOL.R31,"Would you be more or less likely to support a candidate for president who supports increasing the use of ethanol, a renewable energy source, in our nation's fuel supply?",bio,gen,ethanol,50
111,USABCWP.082809.R24C,"To address the country's energy needs, would you support or oppose action by the federal government to...increase oil and gas drilling? (If Support/Oppose, ask:) Do you support/oppose that strongly, or not strongly?",oil,gen,oil and gas drilling,64
111,USORC.061710.R24A,"Would you say that you are very confident, fairly confident, not very confident, or not confident at all that the federal government will be able to do each of the following?...Prevent another oil spill like the one in the Gulf of Mexico",oil,gen,oil spill regulation,49
110,USPSRA.102108.R33DF2,"All in all, do you favor or oppose...allowing more offshore oil and gas drilling in US (United States) waters?",oil,spec,oil drilling in coastal areas,70
110,USPSRA.102808.R16D,"All in all, do you favor or oppose...allowing more offshore oil and gas drilling in US (United States) waters?",oil,spec,oil drilling in coastal areas,71
110,USBELDEN.08WILDER.R3,"Allowing the oil companies to begin drilling for oil in protected lands and waters will lower gasoline prices for consumers....Agree, disagree",oil,spec,oil drilling in protected areas,48
110,USLAT.07JUN07.Q14,Are you in favor of or opposed to building new nuclear power plants in the country if it would reduce global warming?,nuc,spec,new nuc power plants,56
110,USBELDEN.08UARTIC.R3,"As long as the oil companies have not drilled in the acres already available to them, there is no reason to open up more Alaskan wilderness to drilling?",oil,spec,oil drilling in alaska,24
110,USCBSNYT.042607A.R29,"Currently, drilling for oil and natural gas is prohibited in Alaska's Arctic National Wildlife Refuge.  Do you approve or disapprove of the proposal to open up the Arctic National Wildlife Refuge in Alaska for oil and natural gas drilling?",oil,spec,oil drilling in alaska,39
110,USORC.07MOUNT.R6,"Do you agree or disagree with the following statement?  Before the United States puts in place new regulations to permit more coal mining, it should first make sure that coal mines and coal mining practices are safe for miners, nearby communiti",col,spec,miner safety standards,76
110,USBISC.08NEIAP.R04B,Do you agree that electric utilities should prepare now so that new nuclear power plants could be built if needed in the next decade?,nuc,spec,new nuc power plants,78
110,USBISC.08NEINV.R3B,Do you agree that electric utilities should prepare now so that new nuclear power plants could be built if needed in the next decade?,nuc,spec,new nuc power plants,82
110,USBISC.07NEIOC.R19C,Do you agree that the federal government should continue to develop the Yucca Mountain site in Nevada for a final disposal facility for nuclear waste as long as it meets US Nuclear Regulatory Commission regulations?,nuc,spec,yucca,71
110,USBISC.08NEIAP.R20C,Do you agree that the federal government should continue to develop the Yucca Mountain site in Nevada for a final disposal facility for nuclear waste as long as it meets US Nuclear Regulatory Commission regulations?,nuc,spec,yucca,74
110,USBISC.07NEIAPR.R14B,Do you agree that the federal government should continue to develop the Yucca Mountain site in Nevada for a national disposal facility for nuclear waste as long as it meets US Nuclear Regulatory Commission regulations?,nuc,spec,yucca,66
110,USBISC.08NEIAP.R04C,Do you agree that we should definitely build more nuclear power plants in the future?,nuc,spec,new nuc power plants,59
110,USBISC.08NEINV.R3C,Do you agree that we should definitely build more nuclear power plants in the future?,nuc,spec,new nuc power plants,69
110,USBISC.08NEINV.R3A,"Do you agree that when their original operating license expires, we should renew the license of nuclear power plants that continue to meet federal safety standards?",nuc,spec,renewal of nuc power plant license,85
110,USTARR.08BATT3.R59,Do you favor  cracking down on speculators and price gouging?,oil,spec,pricegouging,83
110,USTARR.08BATT3.R56,"Do you favor  incentives for renewable energy sources like wind, solar, and geothermal?",ren,spec,"incentives for wind, solar, geothermal",93
110,USGREEN.08DCJUN22.R093,Do you favor allowing oil drilling in US (United States) coastal areas and wilderness areas that are currently protected by the federal government?,oil,spec,oil drilling in wilderness areas,55
110,USODFOX.062108.R44,Do you favor building more nuclear power plants?,nuc,spec,new nuc power plants,51
110,USTARR.08BATT3.R54,Do you favor building new nuclear power plants to generate electricity?,nuc,spec,new nuc power plants,69
110,USTARR.08BATT3.R52,Do you favor drilling for oil and natural gas in ANWR--the Arctic National Wildlife Refuge in Alaska?,oil,spec,oil drilling in alaska,58
110,USTARR.08BATT3.R53,Do you favor drilling for oil and natural gas off the Atlantic coastline?,oil,spec,oil drilling in coastal areas,73
110,USODFOX.062108.R43,Do you favor drilling for oil in a small area of the Alaskan Wildlife Refuge?,oil,spec,oil drilling in alaska,53
110,USODFOX.072408A.R43,Do you favor drilling for oil in a small area of the Alaskan Wildlife Refuge?,oil,spec,oil drilling in alaska,56
110,USODFOX.062108.R42,Do you favor drilling for oil in the Gulf of Mexico?,oil,spec,oil drilling in coastal areas,77
110,USTARR.08BATT3.R61,Do you favor ending tax subsidies for oil companies?,oil,spec,oil tax breaks and subsidy elimination,64
110,USODFOX.062108.R41,Do you favor increased drilling for oil in the United States immediately?,oil,spec,oil drilling,76
110,USODFOX.072408A.R41,Do you favor increased drilling for oil in the United States immediately?,oil,spec,oil drilling,75
110,USODFOX.072408A.R42,Do you favor increasing offshore drilling in US coastal areas?,oil,spec,oil drilling in coastal areas,71
110,USORC.090308.R37,Do you favor or oppose allowing drilling for oil in the Arctic National Wildlife refuge in Alaska?,oil,spec,oil drilling in alaska,59
110,USMI.2008NATELEC.QX3,Do you favor or oppose drilling for oil offshore in US (United States) waters where it is currently not allowed?,oil,spec,oil drilling in coastal areas,68
110,USPENN.08WORKC.R59F,"Do you favor providing higher tax incentives for use of alternative energy, such as solar and wind power?",ren,spec,incentives for alternative energy,84
110,USPENN.08WORKC.R59I,Do you favor setting higher automobile fuel economy standards for new cars sold in the US (United States)?,oil,spec,fuel efficiency regulation,79
110,USBISC.07NEIOC.R20,Do you favor the plans to recycle used nuclear fuel rods to make more electricity and reduce the amount of waste that has to be disposed of?,nuc,spec,recycle used nucleaeer fuel rods,73
110,USGALLUP.040507.R1G,Do you generally favor or oppose to expanding the use of nuclear energy?,nuc,spec,new nuc power plants,50
110,USGALLUP.040507.R1F,Do you generally favor or oppose to imposing mandatory controls on carbon dioxide emissions/other greenhouse gases?,col,spec,gov regulation on greenhouse gas emission,79
110,USGALLUP.040507.R1H,Do you generally favor or oppose to opening up the Arctic National Wildlife Refuge for oil exploration?,oil,spec,oil drilling in alaska,41
110,USGALLUP.040507.R1A,Do you generally favor or oppose to spending government money to develop alternative sources of fuel for automobiles?,bio,spec,gov spending for alternative fuel for automobiles,86
110,USBISC.07NEIOC.R03C,Do you personally agree that electric utilities should prepare now so that new nuclear power plants could be built if needed in the next decade?,nuc,spec,new nuc power plants,75
110,USBISC.07NEIOC.R03D,Do you personally agree that we should definitely build more nuclear power plants in the future?,nuc,spec,new nuc power plants,62
110,USBISC.07NEIOC.R03B,Do you personally agree that we should keep the option to build more nuclear power plants in the future?,nuc,spec,new nuc power plants,70
110,USBISC.07NEIOC.R03A,"Do you personally agree that when their original operating license expires, we should renew the license of nuclear power plants that continue to meet federal safety standards?",nuc,spec,renewal of nuc power plant license,81
110,USORC.08ENERGYA.R21,Do you support a shift in national policy to allow offshore drilling for oil?,oil,spec,oil drilling in coastal areas,65
110,USNBCWSJ.08AUG.R35E,Do you support building more nuclear power plants?,nuc,spec,new nuc power plants,53
110,USNBCWSJ.08AUG.R35C,Do you support building more oil refineries in America?,oil,spec,more oil refineries,67
110,USGREEN.07WOMEN.R40,"Do you support creating an alternative energy program to develop clean energy sources like wind, solar and bio-fuels to move toward energy independence?",ren,spec,incentives for clean energy development,80
110,USGREEN.08DCDEC.R066,Do you support eliminating the billions of dollars in tax breaks and subsides for big oil and gas companies?,oil,spec,oil tax breaks and subsidy elimination,77
110,USNBCWSJ.08AUG.R35D,Do you support expanding areas for drilling for oil off the coast of the United States?,oil,spec,oil drilling in coastal areas,63
110,USGREEN.08DCDEC.R074,Do you support fighting global warming by taxing industries that emit greenhouse gas pollution?,col,spec,carbon tax,74
110,USNBCWSJ.08AUG.R35F,Do you support opening environmentally protected areas in Alaska for oil and gas exploration?,oil,spec,oil drilling in alaska,57
110,USLAT.011807.R16,Do you support or oppose repealing some of the oil industry's tax breaks and subsidies?,oil,spec,oil tax breaks and subsidy elimination,61
110,USNBCWSJ.08AUG.R35H,Do you support placing a special tax on oil companies' profits?,oil,spec,windfall profit tax,53
110,USGREEN.08DCDEC.R068,Do you support providing a substantial tax-credit for the purchase of fuel efficient vehicles like hybrids?,oil,spec,fuel efficient car purchase tax incentives,77
110,USGREEN.08DCDEC.R067,Do you support putting a cap on the greenhouse gas pollution that causes global warming?,col,spec,cap and trade,80
110,USNBCWSJ.08AUG.R35I,Do you support releasing some of the oil from the reserve that the federal government keeps in case of emergencies?,oil,spec,strategic petroleum reserve release,47
110,USGREEN.08DCDEC.R072,Do you support requiring automakers to increase the average fuel economy of their car and truck fleets?,oil,spec,fuel efficiency regulation,87
110,USGREEN.08DCDEC.R071,Do you support requiring that at least a quarter of our energy come from renewables sources like wind and solar by the year 2025?,col,spec,renewable portfolio standard,88
110,USNBCWSJ.08AUG.R35B,Do you support requiring that cars be built to be more fuel efficient?,oil,spec,fuel efficiency regulation,88
110,USORC.08ENERGYA.R23,Do you support the expansion of nuclear power as a source of energy for the US (United States)?,nuc,spec,new nuc power plants,68
110,USGREEN.08DCDEC.R073,Do you support undoing the Bush administration's policies that opened up more public lands to oil and gas drilling?,oil,spec,oil drilling,66
110,USABCWP.122008.R13G,"Do you think (Barack) Obama should or should not...require electricity companies to increase the use of renewable sources of energy, such as wind, solar and hydroelectric power?",col,spec,renewable portfolio standard,55
110,USORC.07GAS.R02,Do you think big oil companies are currently gouging consumers at the gas pump?,oil,spec,pricegouging,83
110,USORC.08ENERGY.R05,Do you think big oil companies are currently gouging consumers at the gas pump?,oil,spec,pricegouging,81
110,USORC.08MPGJAN.R07,"Do you think big oil companies are currently gouging consumers at the gas pump?  Would you say there is...a great deal of price gouging going on, some price gouging going on, very little price gouging going on, or no price gouging going on?",oil,spec,pricegouging,84
110,USGREEN.08DCFB2026.R32,Do you think eliminating subsidies to big oil companies and investing in new energy sources will improve the economy?,oil,spec,oil tax breaks and subsidy elimination,82
110,USGREEN.08DCNOV04.R102,Do you think it is a priority for the new president to end dependence on foreign oil by 2025 by requiring one quarter of US electric power to come from alternative energy where new investments will create new jobs?,col,spec,renewable portfolio standard,48
110,USGALLUP.11MC0003TR.R01,Do you think the Arctic National Wildlife Refuge in Alaska should or should not be opened up for oil exploration?,oil,spec,oil drilling in alaska,43
110,USABCWP.042007.R22,Do you think the federal government should or should not allow oil drilling in the Arctic National Wildlife Refuge in Alaska?,oil,spec,oil drilling in alaska,40
110,USABC.080908.R35D,Do you think the federal government should or should not...allow drilling for oil in US coastal waters where it's currently not allowed?,oil,spec,oil drilling in coastal areas,63
110,USABC.080908.R35E,Do you think the federal government should or should not...allow drilling for oil in US wilderness areas where it's currently not allowed?,oil,spec,oil drilling in wilderness areas,55
110,USABC.080908.R35B,Do you think the federal government should or should not...increase taxes on the profits earned by oil companies?,oil,spec,windfall profit tax,55
110,USABC.080908.R35A,Do you think the federal government should or should not...make fuel efficiency standards for cars stricter than they are now?,oil,spec,fuel efficiency regulation,78
110,USABCWP.061708A.R36,"Do you think the government should offer tax breaks for companies to develop alternative energy sources, or should it leave it to the marketplace to develop alternative energy sources, without tax breaks?",ren,spec,incentives for alternative energy,63
110,USGALLUP.08MY019.R14B,How about...allowing oil drilling in US (United States) coastal and wilderness areas now off-limits to oil exploration?,oil,spec,oil drilling in wilderness areas,57
110,USBISC.07NEIAPR.R02C,How about...electric utilities should prepare now so that new nuclear power plants could be built if needed in the next decade?,nuc,spec,new nuc power plants,71
110,USGALLUP.08MY019.R14D,How about...halting new shipments of oil to the federal government's strategic petroleum reserve?,oil,spec,strategic petroleum reserve release,49
110,USBISC.07NEIAPR.R02D,How about...we should definitely build more nuclear power plants in the future?,nuc,spec,new nuc power plants,55
110,USBISC.07NEIAPR.R02B,How about...we should keep the option to build more nuclear power plants in the future?,nuc,spec,new nuc power plants,72
110,USORC.070308A.R19,How do you feel about increased drilling for oil and natural gas offshore in US (United States) waters?,oil,spec,oil drilling in coastal areas,73
110,USORC.073008.R30,How do you feel about increased drilling for oil and natural gas offshore in US (United States) waters?,oil,spec,oil drilling in coastal areas,69
110,USORC.090308.R36,"How do you feel about increased drilling for oil and natural gas offshore in US (United States) waters--do you strongly favor, mildly favor, mildly oppose or strongly oppose increased offshore drilling?",oil,spec,oil drilling in coastal areas,74
110,USAP.111108G.R13H,How much of a priority should each of the following be for the new president...allowing off-shore drilling for oil?,oil,spec,oil drilling in coastal areas,73
110,USPC.08ENGY.R6,"If research indicates we could build clean coal plants in the United States with no carbon emissions, how important is it for us to build such plants as rapidly as possible?  Would you say...extremely important, very important, somewhat importa",col,spec,clean coal plants,91
110,USABC.080908.R36,"In general, would you favor or oppose building more nuclear power plants at this time? (If Favor/Oppose, ask:) Do you favor/oppose this strongly or somewhat?",nuc,spec,new nuc power plants,44
110,USCBSNYT.042607A.R55,"In order to cut down on energy consumption and reduce global-warming, do you favor or oppose requiring car manufacturers to produce cars that are more energy efficient?",oil,spec,fuel efficiency regulation,92
110,USBELDEN.08WILDER.R4,Oil drilling in currently protected ocean areas is not worth the risk of oil spills that could pollute the beaches from Florida to Maine and San Diego to Washington State.,oil,spec,oil drilling in coastal areas,35
110,USBELDEN.08WILDER.R2,"Should Congress open off of the Atlantic and Pacific Coasts to oil drilling, or should Congress continue to protect them?",oil,spec,oil drilling in coastal areas,47
110,USBELDEN.08UARTIC.R1,"Should Congress open the Arctic National Wildlife Refuge to oil and gas drilling, or should Congress continue to protect this wildlife refuge?",oil,spec,oil drilling in alaska,36
110,USBELDEN.08WILDER.R1,"Should Congress open the Arctic National Wildlife Refuge to oil and gas drilling, or should Congress continue to protect this wildlife refuge?",oil,spec,oil drilling in alaska,41
110,USBELDEN.08WILDS.R1,Should Congress open the protected areas to oil and gas drilling or should Congress continue to protect public lands and offshore areas?,oil,spec,oil drilling in protected areas,53
110,USSRBI.100708.R25F,Should the government allow offshore drilling for oil and gas in the waters off the US (United States) coast?,oil,spec,oil drilling in coastal areas,67
110,USABCWP.042007.R19D,"Should the government require by law, encourage with tax breaks but not require, or stay out of entirely....Lowering the amount of greenhouse gases that power plants are allowed to release into the air?",col,spec,gov regulation on greenhouse gas emission,62
110,USABC.080908.R37,There's a proposed system called 'cap and trade.' Would you support or oppose this system?,col,spec,cap and trade,59
110,USQUINN.082008.R22,"To help solve the energy crisis and make America less dependent on foreign oil, do you support or oppose...a government funded program to develop renewable energy sources like solar power, wind power and biofuels?",ren,spec,incentive for alternative energy,87
110,USQUINN.082008.R19,"To help solve the energy crisis and make America less dependent on foreign oil, do you support or oppose...building nuclear power plants?",nuc,spec,new nuc power plants,56
110,USQUINN.082008.R21,"To help solve the energy crisis and make America less dependent on foreign oil, do you support or oppose...drilling for new oil in the Alaskan national wildlife refuge?",oil,spec,oil drilling in alaska,51
110,USQUINN.082008.R20,"To help solve the energy crisis and make America less dependent on foreign oil, do you support or oppose...drilling for new oil supplies in currently protected areas off shore?",oil,spec,oil drilling in coastal areas,62
110,USQUINN.082008.R24,"To help solve the energy crisis and make America less dependent on foreign oil, do you support or oppose...mandating higher mileage standards for cars?",oil,spec,fuel efficiency regulation,78
110,USQUINN.082008.R23,"To help solve the energy crisis and make America less dependent on foreign oil, do you support or oppose...releasing oil from the Strategic Petroleum Reserve, the government's stockpile of oil set aside for emergencies and shortages?",oil,spec,strategic petroleum reserve release,45
110,USBISC.08NEIAP.R04A,"When their original operating license expires, do you agree that we should renew the license of nuclear power plants that continue to meet federal safety standards?",nuc,spec,renewal of nuc power plant license,83
110,USBISC.07NEIAPR.R02A,"When their original operating license expires, should we renew the license of nuclear power plants that continue to meet federal safety standards?",nuc,spec,renewal of nuc power plant license,82
110,USLAT.062408.R45A,"Which of the following statements comes closest to your view: 'Drilling is usually done in a way that harms the environment and should not be allowed in environmentally important areas,' or 'Drilling can be done safely and should be allowed in",oil,spec,oil drilling,68
110,USGREEN.08DCJUN22.R091,Which statement do you agree with?  (1) allowing oil companies to drill off our nation's coasts is not worth the environmental damage it would cause.  (2) increasing domestic oil and natural gas production would lower gas prices and make Americ,oil,spec,oil drilling,56
110,USCBSNYT.042607A.R35,Would you approve or disapprove of building more nuclear power plants to generate electricity?,nuc,spec,new nuc power plants,45
110,USCBSNYT.071508C.R95,Would you approve or disapprove of building more nuclear power plants to generate electricity?,nuc,spec,new nuc power plants,57
110,USCBSNYT.042607A.R37,Would you approve or disapprove of building more plants powered by coal to generate electricity?,col,spec,more coal power plants,41
110,USGALLUP.08JUL025.R30H,Would you be more likely to vote for a candidate who supported imposing a windfall profits tax on oil companies?,oil,spec,windfall profit tax,58
110,USGALLUP.08JUL025.R30E,Would you be more likely to vote for a candidate who supported offering a $300 million government prize for the development of an electric car with a long-lasting battery?,oil,spec,gov subsidy for electric cars,50
110,USGALLUP.08JUL025.R30G,Would you be more likely to vote for a candidate who supported raising fuel mileage standards on vehicles?,oil,spec,fuel efficiency regulation,68
110,USGALLUP.08JUL025.R30C,Would you be more likely to vote for a candidate who supported...building more nuclear power plants?,nuc,spec,new nuc power plants,47
110,USGALLUP.08JUL025.R30J,Would you be more likely to vote for a candidate who supported...releasing up to 10% of the US (United States) strategic petroleum reserve?,oil,spec,strategic petroleum reserve release,53
110,USGALLUP.08JUL025.R30D,Would you be more likely to vote for authorizing a $150 billion investment by the federal government in research on bio-fuels and clean energy sources?,bio,spec,gov spending for biofuel and clean energy,64
110,USCBSNYT.042607A.R39,Would you be willing or not willing to pay higher taxes on gasoline and other fuels if the money was used for research into renewable sources like solar and wind energy?,ren,spec,incentives for renewable energy research,64
110,USPSRA.030608.R65,Would you favor or oppose allowing oil and gas drilling in the Arctic National Wildlife Refuge in Alaska?,oil,spec,oil drilling in alaska,42
110,USPSRA.070108.R60,Would you favor or oppose allowing oil and gas drilling in the Arctic National Wildlife Refuge in Alaska?,oil,spec,oil drilling in alaska,50
110,USPSRA.092408.R56F1,Would you favor or oppose allowing oil and gas drilling in the Arctic National Wildlife Refuge in Alaska?,oil,spec,oil drilling in alaska,55
110,USPSRA.092408.R57EF1,Would you favor or oppose the government...allowing more offshore oil and gas drilling in US (United States) waters?,oil,spec,oil drilling in coastal areas,67
110,USPSRA.030608.R66DF1,Would you favor or oppose the government...giving tax cuts to energy companies to do more exploration for oil?,oil,spec,tax credits for oil drilling,42
110,USPSRA.030608.R66GF2,Would you favor or oppose the government...increasing federal funding for research on ethanol?,bio,spec,gov spending on biofuel research,57
110,USPSRA.092408.R57DF1,Would you favor or oppose the government...increasing federal funding for research on ethanol?,bio,spec,gov spending on biofuel research,57
110,USPSRA.030608.R66FF2,"Would you favor or oppose the government...increasing federal funding for research on wind, solar and hydrogen technology?",ren,spec,incentive for alternative energy,81
110,USPSRA.092408.R57CF1,"Would you favor or oppose the government...increasing federal funding for research on wind, solar and hydrogen technology?",ren,spec,incentive for alternative energy,82
110,USPSRA.030608.R66A,Would you favor or oppose the government...promoting the increased use of nuclear power?,nuc,spec,new nuc power plants,44
110,USPSRA.092408.R57AF1,Would you favor or oppose the government...promoting the increased use of nuclear power?,nuc,spec,new nuc power plants,50
110,USPSRA.030608.R66EF1,"Would you favor or oppose the government...requiring better fuel efficiency for cars, trucks and SUVs (sport utility vehicles)?",oil,spec,fuel efficiency regulation,90
110,USPSRA.092408.R57BF1,"Would you favor or oppose the government...requiring better fuel efficiency for cars, trucks and SUVs (sport utility vehicles)?",oil,spec,fuel efficiency regulation,88
110,USORC.08ENERGY.R10,"Would you support a five-year moratorium on new coal-fired power plants in the United States if there was stepped-up investment in clean, safe renewable energy--such as wind and solar--and improved home energy-efficiency standards?",col,spec,moratorium on new coal-fired power plants,75
110,USORC.08ENERGYA.R09,"Would you support a five-year moratorium on new coal-fired power plants in the United States if there was stepped-up investment in clean, safe renewable energy--such as wind and solar--and improved home energy-efficiency standards?  Would you s",col,spec,moratorium on new coal-fired power plants,73
110,USORC.08MPGJAN.R10A,"Would you support a tax on the windfall profits of oil companies if the resulting revenues were spent on each of the following?...Research on alternative energy...Would you support this idea a great deal, support this idea somewhat, oppose this",oil,spec,windfall profit tax,79
110,USORC.07GAS.R04A,Would you support a tax on the windfall profits of oil companies if the resulting revenues were spent on research on alternative energy?,oil,spec,windfall profit tax,77
110,USORC.07GAS.R11,"Would you support an increase in federal gasoline taxes if the increase was earmarked specifically for research and development for clean, alternative energy sources?",ren,spec,incentives for alternative energy,55
110,USORC.07GAS.R10,Would you support using a significant portion of those federal tax funds generated from gasoline sales to accelerate research and development into alternative fuel and energy sources?,ren,spec,incentives for alternative energy,78
111,USABCWP.082809.R21,There's a proposed system called 'cap and trade.' Would you support or oppose this system?,col,spec,cap and trade,52
111,USABCWP.082809.R22,What if a cap and trade program significantly lowered greenhouse gases but raised your monthly electrical bill by 10 dollars a month--in that case would you support or oppose it?,col,spec,cap and trade,58
111,USABCWP.082809.R23,What if a cap and trade program significantly lowered greenhouse gases but raised your monthly electrical bill by 25 dollars a month--in that case would you support or oppose it?,col,spec,cap and trade,39
111,USABCWP.082809.R24A,"To address the country's energy needs, would you support or oppose action by the federal government to...build more nuclear power plants? (If Support/Oppose, ask:) Do you support/oppose that strongly, or not strongly?",nuc,spec,new nuc power plants,52
111,USABCWP.082809.R24B,"To address the country's energy needs, would you support or oppose action by the federal government to...develop more solar and wind power? (If Support/Oppose, ask:) Do you support/oppose that strongly, or not strongly?",ren,spec,new solar and wind pwer,91
111,USABCWP.082809.R24D,"To address the country's energy needs, would you support or oppose action by the federal government to...increase coal mining? (If Support/Oppose, ask:) Do you support/oppose that strongly, or not strongly?",col,spec,coal mining,52
111,USABCWP.082809.R24I,"To address the country's energy needs, would you support or oppose action by the federal government to...build more power plants that burn oil, coal or natural gas? (If Support/Oppose, ask:) Do you support/oppose that strongly, or not strongly?",col,spec,new coal-fired power plants,51
111,USABCWP.082809.R24J,"To address the country's energy needs, would you support or oppose action by the federal government to...use cash rebates to encourage people to buy more fuel efficient cars? (If Support/Oppose, ask:) Do you support/oppose that strongly, or not strongly?",oil,spec,fuel efficient car purchase tax incentives,69
111,USABCWP.082809.R25,Would you favor or oppose building a nuclear power plant within 50 miles of your home?,nuc,spec,new nuc power plants,66
111,USABCWP.112409.R42,There's a proposed system called 'cap and trade.' Would you support or oppose this system?,col,spec,cap and trade,53
111,USABCWP.112409.R43,"Do you think the United States should take action on global warming only if other major industrial countries such as China and India agree to do equally effective things, that the United States should take action even if these other countries do less, or that the United States should not take action on this at all?",col,spec,greenhouse gas emission control,76
111,USABCWP.121809.R26,"Do you think the federal government should or should not regulate the release of greenhouse gases from sources like power plants, cars and factories in an effort to reduce global warming? (If Should/Should not, ask:) Do you feel that way strongly or somewhat?",col,spec,greenhouse gas emission control,65
111,USABCWP.121809.R29,It's been proposed that the United States and other developed countries contribute 10 billion dollars a year to help developing countries pay for reducing the amount of greenhouse gases they release.  Is this something you support or oppose?,col,spec,support for developing countries on greenhouse gas,39
111,USCBS.051110.R02,"Would you favor allowing increased drilling for oil and natural gas off the US (United States) coast, or do you think the costs and risks are too great?",oil,spec,oil drilling in coastal areas,46
111,USCBS.060410.R01,"Would you favor allowing increased drilling for oil and natural gas off the US (United States) coast, or do you think the costs and risks are too great?",oil,spec,oil drilling in coastal areas,40
111,USCBS.200902A.Q17,Would you approve or disapprove of building more plants powered by coal to generate electricity?,nuc,spec,new nuc power plants,55
111,USCBSNYT.062110A.R24,"Would you favor allowing increased drilling for oil and natural gas off the US (United States) coast, or do you think the costs and risks are too great?",oil,spec,oil drilling in coastal areas,42
111,USCBSNYT.062110A.R27,Which comes closer to your view?...Government should do more to regulate the off shore drilling practices of oil companies in order to protect the environment.  Government should place fewer regulations on the off shore drilling practices of oil companies in order to make it easier for them to increase oil production.,oil,spec,oil spill regulation,76
111,USCBSNYT.062110A.R30,"If an increased tax on gasoline would help pay for the development of renewable sources of energy, such as wind and solar, and help reduce the United States' dependence on foreign oil, would you favor or oppose an increased federal tax on gasoline?",oil,spec,federal gasoline tax,45
111,USCBSNYT.062110A.R31,"What if the tax increased the cost of gasoline by $1.00 a gallon, then would you favor or oppose an increased federal tax on gasoline to help pay for the development of renewable sources of energy and help reduce US (United States) dependence on foreign oil?",oil,spec,federal gasoline tax,32
111,USCBSNYT.062110A.R32,"What if the tax increased the cost of gasoline by 50 cents a gallon, then would you favor or oppose an increased federal tax on gasoline to help pay for the development of renewable sources of energy and help reduce US (United States) dependence on foreign oil?",oil,spec,federal gasoline tax,28
111,USCBSNYT.062110A.R65,Was the temporary shut down of offshore drilling a good idea or a bad idea?,oil,spec,temporary offshore oil drilling ban,65
111,USCBSNYT.200901A.Q083,"If it would reduce US (United States) dependence on foreign oil, would you favor or oppose an increased federal tax on gasoline?",oil,spec,federal gasoline tax,41
111,USGALLUP.10AUG14.R04,Do you think the federal government should lift the ban and allow offshore drilling to resume or should it keep the ban on most offshore drilling in place through November?,oil,spec,temporary offshore oil drilling ban,46
111,USGALLUP.10JN11.R18B,Would you favor or oppose Congress passing new legislation this year (2010) that would do the following?How about...regulate energy output from private companies in an attempt to reduce global warming?,col,spec,greenhouse gas emission control,56
111,USNBCWSJ.09JUL.R11A,"Tell me whether you approve or disapprove of this action....Charging a fee to companies that emit greenhouse gases, which might result in higher utility bills, and using the money to provide tax cuts for middle-income Americans",col,spec,greenhouse gas regulation,53
111,USNBCWSJ.10AUG.R31,"Do you support or oppose a proposal to allow more drilling for oil off the coast of the United States? (If Support/Oppose, ask:) And, do you strongly support/oppose or just somewhat support/oppose this?",oil,spec,oil drilling in coastal areas,57
111,USNBCWSJ.10DEC.R24J,"Please tell me if you would find this totally acceptable, mostly acceptable, mostly unacceptable, or totally unacceptable as a way to help reduce the federal deficit.)...Raise the federal gasoline tax by fifteen cents per gallon starting in 2012",oil,spec,federal gasoline tax,33
111,USNBCWSJ.10MAY.R36,"Do you support or oppose a proposal to allow more drilling for oil off the coast of the United States? (If Support/Oppose, ask) And, do you strongly support/oppose or just somewhat support/oppose this?",oil,spec,oil drilling in coastal areas,60
111,USNBCWSJ.10MAY.R37,"When it comes to oil drilling off US (United States) coasts, which of the following statements comes closer to your point of view?...Statement A: The potential harm to the environment outweighs the potential benefits to the economy.  Statement B: The potential benefits to the economy outweigh the potential harm to the environment.",oil,spec,oil drilling in coastal areas,53
111,USNBCWSJ.10MAY.R38A,Do you think that the federal government is doing enough or is not doing enough to deal with the environmental problems caused by the recent Gulf Coast oil spill (May 2010)?,oil,spec,oil spill regulation,45
111,USORC.050509.R24,Which of the following statements comes closest to your view of global warming?...Global warming is occurring and the federal government can take steps which would slow the rate of global warming or eventually stop it altogether.  Global warming is occurring but the federal government cannot do anything to slow it down or stop it.  Global warming is not occurring.,col,spec,greenhouse gas emission control,54
111,USORC.050509.R25,A proposal called 'cap and trade' would allow the federal government to limit the emissions from industrial facilities such as power plants and factories that some people believe cause global warming.  Would you favor or oppose this proposal?,col,spec,cap and trade,44
111,USORC.052410.R39,"How do you feel about increased drilling for oil and natural gas offshore in US (United States) waters--do you strongly favor, mildly favor, mildly oppose or strongly oppose increased offshore drilling?",oil,spec,oil drilling in coastal areas,57
111,USORC.061810A.R15,"How do you feel about increased drilling for oil and natural gas offshore in US (United States) waters--do you strongly favor, mildly favor, mildly oppose or strongly oppose increased offshore drilling?",oil,spec,oil drilling in coastal areas,53
111,USORC.061810A.R25B,Please tell me whether you approve or disapprove of each of the following actions by the federal government...Filing criminal charges against employees and executives at BP (British Petroleum) (for the oil spill in the Gulf of Mexico),oil,spec,oil spill regulation,53
111,USORC.061810A.R25C,Please tell me whether you approve or disapprove of each of the following actions by the federal government...Changing the law so there is no limit to the amount of money BP (British Petroleum) must pay (for the oil spill in the Gulf of Mexico),oil,spec,oil spill regulation,63
111,USORC.061810A.R25D,Please tell me whether you approve or disapprove of each of the following actions by the federal government....Increasing the amount of federal regulation of the oil industry in this country,oil,spec,oil spill regulation,68
111,USORC.061810A.R31,"Based on what you have read or heard, do you favor or oppose Barack Obama's proposals to develop alternative sources of energy and reduce the amount of oil and other fossil fuels that are produced and used in this country?",ren,spec,alternative energy source incentives,72
111,USORC.061810A.R32,"Do you think that proposals to develop alternative sources of energy and reduce the amount of oil and other fossil fuels that are produced and used in this country, would increase or decrease the number of jobs in the United States?",ren,spec,alternative energy source incentives,69
111,USORC.061810A.R33,"Do you think that proposals to develop alternate sources of energy and reduce the amount of oil and other fossil fuels that are produced and used in this country, would make life better or worse for the next generation of Americans?",ren,spec,alternative energy source incentives,79
111,USORC.102709.R16,"Under a proposal called 'cap and trade,' the federal government would limit the amount of greenhouse gases that companies could produce in their factories or power plants.  If companies exceeded those limits, they would either pay a fine or pay money to other companies that produced smaller amounts of greenhouse gases.  Would you favor or oppose this proposal?",col,spec,cap and trade,60
111,USORC.111810.R23C,Please tell me whether you favor or oppose each of the following proposals...Increasing the federal tax on gasoline,oil,spec,federal gasoline tax,32
111,USORC.2010005.Q36,Do you favor or oppose building more nuclear power plants in this country?,nuc,spec,new nuc power plants,50
111,USPAF.09ENLC.R11F,"How willing would you be to...pay more for electricity generated by renewable sources, like solar or wind energy?...Very willing, somewhat willing, not too willing, not willing at all",ren,spec,renewable power generation,60
111,USPAF.09ENLC.R11H,"How willing would you be to...pay higher taxes to fund the development of alternative energy sources?...Very willing, somewhat willing, not too willing, not willing at all",ren,spec,alternative energy source incentives,50
111,USPAF.09ENLC.R18A,"Please tell me if you favor or oppose each one....Giving tax rebates to individuals who reduce their energy consumption...Strongly favor, somewhat favor, somewhat oppose, strongly oppose",col,spec,efficient energy use,81
111,USPAF.09ENLC.R18C,"Please tell me if you favor or oppose each one...Setting up a government program to reward businesses that reduce carbon emissions and to penalize those that do not...Strongly favor, somewhat favor, somewhat oppose, strongly oppose",col,spec,greenhouse gas emission control,72
111,USPAF.09ENLC.R18D,"Please tell me if you favor or oppose ...Reducing environmental restrictions on drilling for oil and natural gas in coastal areas and Alaska...Strongly favor, somewhat favor, somewhat oppose, strongly oppose",oil,spec,oil drilling in alaska,65
111,USPAF.09ENLC.R18E,"Please tell me if you favor or oppose ...Increasing the production of ethanol to replace gasoline...Strongly favor, somewhat favor, somewhat oppose, strongly oppose",bio,spec,ethanol production incentive,61
111,USPAF.09ENLC.R18G,"A gas tax of 40 cents a gallon to support development of clean, renewable energy sources...Strongly favor, somewhat favor, somewhat oppose, strongly oppose",ren,spec,incentive for alternative energy,45
111,USPAF.09ENLC.R18H,"Please tell me if you favor or oppose each one...A gas tax of 40 cents a gallon to help achieve energy independence...Strongly favor, somewhat favor, somewhat oppose, strongly oppose",oil,spec,federal gasoline tax,40
111,USPAF.09ENLC.R18I,"Please tell me if you favor or oppose each one...A gas tax of 40 cents a gallon to  improve roads, bridges, tunnels, and other public works...Strongly favor, somewhat favor, somewhat oppose, strongly oppose",oil,spec,federal gasoline tax,38
111,USPAF.09ENLC.R19B,"Please tell me if you strongly agree, somewhat agree, somewhat disagree, or strongly disagree with each of the following statements....Electric companies should be required to generate more energy from renewable, non-polluting energy sources, like wind and solar, even if this increases the cost of energy in the short run.",ren,spec,renewable energy for power,77
111,USPAF.09ENLC.R20A,"Do you favor or oppose each of the following energy-related proposals?...Higher mileage standards for cars, trucks and SUVs (sports utility vehicles)...Strongly favor, somewhat favor, somewhat oppose, strongly oppose",oil,spec,fuel efficiency regulation,78
111,USPAF.09ENLC.R20D,"Do you favor or oppose each of the following energy-related proposals?...Giving a tax-credit to people who purchase hybrid or high gas mileage automobiles...Strongly favor, somewhat favor, somewhat oppose, strongly oppose",oil,spec,tax credit for fuel-efficient cars,73
111,USPAF.09ENLC.R20F,"Do you favor or oppose each of the following energy-related proposals?...The US (United States) government passing a law to ensure that gas is no cheaper than $4.00 a gallon to encourage the development of alternative fuels...Strongly favor, somewhat favor, somewhat oppose, strongly oppose",oil,spec,gas price floor,25
111,USPAF.2009ENERGY.Q11F,"How willing would you be to...accept construction of a nuclear power plant near your area--very willing, somewhat willing, not too willing or not willing at all?",nuc,spec,new nuc power plants,41
111,USPAF.2009ENERGY.Q18E,"Building more nuclear power plants in the United States--Do you strongly favor, somewhat favor, somewhat oppose, or strongly oppose this?",nuc,spec,new nuc power plants,55
111,USPAF.2009ENERGY.Q19B,"Even though coal is a cheap and plentiful fuel, the government should ban the building of new coal-burning power plants because of the greenhouse gases they emit.  Do you strongly agree, somewhat agree, somewhat disagree, or strongly disagree?",col,spec,new coal-fired power plants,53
111,USPSRA.032509.R34D,"Do you strongly favor, favor, oppose, or strongly oppose...setting limits on carbon dioxide emissions and making companies pay for their emissions, even if it may mean higher energy prices?",col,spec,greenhouse gas emission control,59
111,USPSRA.052109.RB27AF2,Would you favor or oppose the government...promoting the increased use of nuclear power?,nuc,spec,new nuc power plants,45
111,USPSRA.052109.RB27CF2,"Would you favor or oppose the government...increasing federal funding for research on wind, solar and hydrogen technology?",ren,spec,federal funding on renewble energy technology,82
111,USPSRA.052109.RB27DF2,Would you favor or oppose the government...allowing more offshore oil and gas drilling in US (United States) waters?,oil,spec,oil drilling in coastal areas,68
111,USPSRA.070909.R50B,"All in all, do you favor or oppose...building more nuclear power plants to generate electricity?",nuc,spec,new nuc power plants,51
111,USPSRNEW.011709.R08C,Would you favor or oppose increased spending...to develop new clean energy technology even if it means raising the deficit?,ren,spec,clean energy technology,74
111,USSRBI.102209P.R56,"Do you favor or oppose setting limits on carbon dioxide emissions and making companies pay for their emissions, even if it may mean higher energy prices?",col,spec,greenhouse gas emission control,50
111,USSRBI.200910POL.Q56,"Do you favor or oppose setting limits on carbon dioxide emissions and making companies pay for their emissions, even if it may mean higher energy prices?",col,spec,greenhouse gas emission control,50
111,USVIRGCU.10LIFE.R12,Do you favor or oppose increasing the amount of offshore drilling for oil and natural gas in the US (United States)?,oil,spec,offshore oil drilling,45
112,USCBS.032211A.R52,Would you approve or disapprove of building more nuclear power plants to generate electricity?,nuc,spec,new nuc power plants,43
112,USCBS.032211A.R53,Would you approve or disapprove if a nuclear power plant to generate electricity is built in your community?,nuc,spec,new nuc power plants,35
112,USCBSNYT.201103A.Q17,"These days, do you think there is too much federal regulation of the natural gas industry, not enough, about the right amount or don't you know enough to say?",oil,spec,fracking regulation,15
112,USCBSNYT.201103A.Q18,"These days, do you think there is too much federal regulation of the industrial disposal of contaminated water, not enough, about the right amount or don't you know enough to say?",oil,spec,fracking regulation,32
112,USCBSNYT.201103A.Q20,"These days, do you think there is too much federal regulation of natural gas drilling projects using hydraulic fracturing or fracking, not enough or about the right amount?",oil,spec,fracking regulation,40
112,USGALLUP.11JANY14.R12B,How about...pass an energy bill that expands drilling and exploration for oil and gas?,oil,spec,more oil drilling,65
112,USGALLUP.11JANY14.R12C,How about...pass an energy bill that provides incentives for using solar and other alternative energy sources?,ren,spec,incentive for alternative energy,83
112,USGALLUP.11MAR15.R01,"Turning to something else, do you favor or oppose the construction of nuclear power plants in the United States?",nuc,spec,new nuc power plants,44
112,USGALLUP.11MRC025.R13,"Which comes closer to your view about increasing the number of nuclear power plants in the country--nuclear power is necessary to help solve the country's current energy problems, or the dangers of nuclear power are too great, even if it would help solve the country's current energy problems?",nuc,spec,new nuc power plants,46
112,USGALLUP.12MAR5.R03,Do you think the president (Barack Obama) and Congress should or should not take immediate actions to try to control the rising price of gas?,oil,spec,gas price regulation,85
112,USNBCWSJ.11APR.R13A,"Tell me if you strongly approve, somewhat approve, somewhat disapprove, or strongly disapprove....Allowing drilling for oil to begin again off the US (United States) coast",oil,spec,oil drilling in coastal areas,71
112,USNBCWSJ.11AUG27.R37,Do you want your member of Congress to vote in favor of or against continuing the federal gas tax?,oil,spec,federal gasoline tax,47
112,USNBCWSJ.11AUG27.R37A,Would you want your member of Congress to vote in favor or against continuing the federal gas tax?,oil,spec,federal gasoline tax,43
112,USNBCWSJ.11FEB.R25A,"Please tell me if you think significantly cutting the funding for this program is totally acceptable, mostly acceptable, mostly unacceptable, or totally unacceptable as a way to help reduce the federal deficit....Subsidies to build new nuclear power plants",nuc,spec,new nuc power plants,57
112,USNBCWSJ.11FEB.R25J,"Please tell me if you think significantly cutting the funding for this program is totally acceptable, mostly acceptable, mostly unacceptable, or totally unacceptable as a way to help reduce the federal deficit...Heating assistance to low-income families",col,spec,heating assistance to low-income families,65
112,USNBCWSJ.11FEB.R26D,"Please tell me if you would find this totally acceptable, mostly acceptable, mostly unacceptable, or totally unacceptable as a way to help reduce the federal deficit...Eliminating tax credits for the oil and gas industries",oil,spec,tax credits for oil companies,22
112,USORC.031811.R15A,Would you favor or oppose using the US (United States) government's Strategic Petroleum Reserve to put more oil and gas on the market to combat the increase in fuel costs?,oil,spec,strategic petroleum reserve release,56
112,USORC.032211.R14,Do you favor or oppose building more nuclear power plants in this country?,nuc,spec,new nuc power plants,46
112,USORC.032211.R17,Would building a new nuclear power plant in your community be acceptable or unacceptable to you?,nuc,spec,new nuc power plants,39
112,USORC.041111.R18,"Would you favor legislation that would prevent the Environmental Protection Agency from spending any money to enforce regulations on greenhouse gases and other environmental issues, or do you think the federal government should continue to provide funding to the Environmental Protection Agency to enforce those regulations?",col,spec,greenhouse gas regulation,71
112,USORC.041911A.R31,"How do you feel about increased drilling for oil and natural gas offshore in US (United States) waters--do you strongly favor, mildly favor, mildly oppose or strongly oppose increased offshore drilling?",oil,spec,oil drilling in coastal areas,69
112,USORC.050911.R18,"Which would worry you more--if gas prices rose significantly but you could buy gas whenever you wanted to without waiting in long lines, or if gas prices remained steady but you had to wait in long lines to buy gas or could only buy it on certain days?",oil,spec,gas price regulation,58
112,USORC.072111A.R24G,Please tell me whether you favor or oppose that proposal as a way to reduce the amount that the government owes...Increasing the taxes paid by oil and gas companies by ending federal subsidies for those businesses,oil,spec,federal subsidies to oil/gas industry,26
112,USORC.081111A.R31,Do you favor or oppose mountain top removal?,col,spec,mountain top removal,36
112,USPSRA.013012CCI.R1D,Please tell me if you generally agree or disagree with the idea...Significantly expand production of oil and natural gas from onshore and offshore public lands,oil,spec,more oil drilling,69
112,USPSRA.052112CC.R01,"Do you think Congress should extend federal tax credits to encourage production of alternative energy sources, or allow them to expire?",ren,spec,alternative energy source incentives,64
112,USPSRA.052112CC.R02,"Which of the following comes closest to your view of what the federal government should do on this issue?...Ban fracking altogether because it's not safe for the environment.  Increase regulation of fracking to protect the environment, but not ban it.  Reduce regulation of fracking to encourage more natural gas production.",oil,spec,fracking regulation,68
112,USPSRA.052112CC.R03,What is your opinion--do you think the country should or should not create a national clean-energy standard?,col,spec,renewable portfolio standard,64
112,USPSRA.061812CC.R04,Do you think Congress should take action to stop the government from regulating EPA greenhouse gas emissions or should allow the government to regulate greenhouse gas emissions?,col,spec,greenhouse gas emission control,55
112,USPSRA.061812CC.R05,"Which of the following comes closest to your own views about this rule controlling mercury emissions?...The Senate should vote to keep the rule in place.  The Senate should vote to get rid of it.  The EPA (Environmental Protection Agency) should give companies more time to comply, but not get rid of the rule completely.",col,spec,mercury emission regulation,76
112,USPSRA.100411ACC.R4,"Do you think Congress should block new federal regulations are planned that would limit emissions of mercury, sulfur dioxide and other pollutants from power plants, or allow them to go into effect?",col,spec,mercury and other pollutant emission regulations,47
112,USPSRA.100411ACC.R5,"Do you think Congress should block new federal regulations that would limit emissions of carbon dioxide and other gases that scientists have linked to global climate change, or allow them to go into effect?",col,spec,greenhouse gas emission regulation,52
112,USPSRA.11HTPAPR.R10N,"To reduce the deficit would you support major reductions, minor reductions, or no reductions to spending on...clean energy?",ren,spec,government spending on clean energy,35
